Species	Class	OG0000000	OG0000005	OG0000006	OG0000014	OG0000017	OG0000026	OG0000030	OG0000035	OG0000042	OG0000054	OG0000059	OG0000069	OG0000071	OG0000081	OG0000086	OG0000096	OG0000109	OG0000122	OG0000123	OG0000143	OG0000147	OG0000160	OG0000168	OG0000173	OG0000214	OG0000217	OG0000237	OG0000291	OG0000297	OG0000299	OG0000310	OG0000484	OG0000597	OG0000606	OG0000746	OG0000750	OG0000889	OG0001663	OG0002853	OG0003209	OG0003514	OG0004044	OG0004098	OG0004172	OG0005114	OG0005246	OG0005306	OG0007118	OG0007523	OG0008019
candida_auris.final	0	12.0	5.0	4.0	1.0	3.0	4.0	2.0	1.0	6.0	3.0	3.0	4.0	2.0	0.0	2.0	2.0	1.0	1.0	3.0	3.0	1.0	1.0	2.0	2.0	2.0	2.0	2.0	2.0	2.0	5.0	2.0	1.0	1.0	1.0	1.0	1.0	1.0	2.0	2.0	1.0	1.0	1.0	1.0	1.0	1.0	0.0	0.0	0.0	0.0	0.0
candida_orthopsilosis.final	0	17.0	6.0	8.0	4.0	8.0	4.0	5.0	6.0	4.0	3.0	3.0	5.0	3.0	3.0	4.0	4.0	2.0	3.0	3.0	2.0	5.0	6.0	5.0	5.0	2.0	2.0	2.0	2.0	2.0	7.0	1.0	1.0	1.0	1.0	1.0	1.0	1.0	1.0	2.0	1.0	1.0	1.0	1.0	0.0	0.0	0.0	1.0	0.0	0.0	0.0
clavispora_lusitaniae.final	0	4.0	5.0	9.0	1.0	3.0	5.0	3.0	1.0	3.0	3.0	3.0	4.0	2.0	1.0	2.0	2.0	1.0	2.0	1.0	3.0	3.0	2.0	2.0	2.0	2.0	2.0	1.0	1.0	2.0	3.0	2.0	2.0	1.0	1.0	1.0	1.0	1.0	1.0	1.0	1.0	1.0	1.0	1.0	0.0	0.0	0.0	0.0	0.0	0.0	0.0
hanseniaspora_uvarum.final	0	6.0	3.0	2.0	4.0	7.0	3.0	10.0	2.0	1.0	3.0	3.0	2.0	5.0	1.0	2.0	1.0	3.0	0.0	0.0	0.0	0.0	1.0	0.0	1.0	2.0	2.0	1.0	2.0	1.0	0.0	1.0	1.0	2.0	1.0	0.0	0.0	1.0	1.0	0.0	1.0	1.0	1.0	0.0	0.0	0.0	0.0	0.0	1.0	0.0	0.0
kluyveromyces_lactis.final	0	2.0	5.0	3.0	3.0	2.0	2.0	1.0	1.0	3.0	4.0	3.0	1.0	4.0	2.0	3.0	3.0	5.0	0.0	1.0	1.0	1.0	2.0	0.0	1.0	2.0	2.0	1.0	2.0	2.0	1.0	2.0	2.0	1.0	1.0	0.0	0.0	1.0	1.0	1.0	1.0	1.0	1.0	0.0	0.0	0.0	1.0	0.0	1.0	1.0	1.0
kluyveromyces_marxianus.final	0	2.0	5.0	5.0	3.0	2.0	3.0	2.0	1.0	5.0	4.0	3.0	1.0	4.0	4.0	2.0	4.0	5.0	0.0	1.0	1.0	1.0	2.0	0.0	1.0	2.0	2.0	1.0	2.0	2.0	1.0	2.0	2.0	1.0	1.0	0.0	0.0	1.0	1.0	0.0	1.0	1.0	1.0	0.0	0.0	0.0	1.0	0.0	1.0	1.0	1.0
metschnikowia_arizonensis.final	0	5.0	4.0	2.0	0.0	3.0	7.0	0.0	1.0	3.0	2.0	3.0	3.0	4.0	0.0	1.0	2.0	1.0	0.0	0.0	1.0	3.0	1.0	1.0	2.0	2.0	2.0	2.0	2.0	2.0	2.0	2.0	2.0	1.0	1.0	1.0	1.0	1.0	1.0	1.0	1.0	1.0	1.0	1.0	0.0	0.0	0.0	0.0	0.0	0.0	0.0
metschnikowia_drakensbergensis.final	0	1.0	4.0	3.0	0.0	3.0	5.0	0.0	1.0	3.0	2.0	3.0	4.0	4.0	2.0	1.0	2.0	1.0	0.0	0.0	1.0	3.0	1.0	1.0	2.0	2.0	2.0	2.0	2.0	2.0	2.0	2.0	1.0	1.0	1.0	1.0	1.0	1.0	1.0	1.0	1.0	1.0	1.0	1.0	0.0	0.0	0.0	0.0	0.0	0.0	0.0
spathaspora_arborariae.final	0	13.0	8.0	20.0	4.0	6.0	4.0	5.0	2.0	12.0	2.0	3.0	3.0	1.0	4.0	2.0	3.0	5.0	5.0	20.0	3.0	4.0	2.0	9.0	4.0	2.0	2.0	2.0	2.0	2.0	3.0	2.0	2.0	1.0	1.0	2.0	1.0	1.0	1.0	1.0	1.0	1.0	1.0	1.0	0.0	1.0	0.0	0.0	0.0	0.0	0.0
yHMPu5000026137_ambrosiozyma_ambrosiae_160519.final	0	11.0	11.0	3.0	6.0	2.0	3.0	5.0	5.0	2.0	3.0	3.0	8.0	3.0	2.0	2.0	2.0	2.0	0.0	0.0	2.0	6.0	3.0	1.0	5.0	2.0	2.0	2.0	2.0	2.0	0.0	2.0	0.0	1.0	1.0	0.0	1.0	1.0	1.0	1.0	1.0	1.0	1.0	0.0	2.0	0.0	0.0	0.0	0.0	0.0	0.0
yHMPu5000026219_lachancea_waltii_180604.final	0	3.0	4.0	3.0	3.0	3.0	2.0	1.0	1.0	5.0	3.0	3.0	1.0	3.0	2.0	2.0	4.0	3.0	2.0	4.0	2.0	1.0	1.0	0.0	1.0	2.0	2.0	1.0	2.0	2.0	1.0	2.0	1.0	1.0	1.0	0.0	0.0	1.0	1.0	0.0	1.0	1.0	1.0	0.0	0.0	0.0	1.0	0.0	1.0	1.0	1.0
yHMPu5000034572_tortispora_caseinolytica_180604.final	0	0.0	4.0	1.0	1.0	0.0	4.0	1.0	3.0	0.0	7.0	2.0	0.0	1.0	2.0	1.0	1.0	1.0	3.0	0.0	1.0	1.0	1.0	0.0	1.0	1.0	1.0	1.0	1.0	1.0	3.0	1.0	0.0	1.0	1.0	0.0	0.0	1.0	2.0	0.0	0.0	1.0	1.0	0.0	0.0	0.0	0.0	0.0	0.0	0.0	0.0
yHMPu5000034603_sporopachydermia_quercuum_190924.final	0	1.0	5.0	1.0	1.0	0.0	6.0	2.0	4.0	1.0	3.0	3.0	1.0	1.0	1.0	2.0	1.0	1.0	2.0	0.0	1.0	1.0	0.0	0.0	3.0	2.0	2.0	2.0	2.0	2.0	0.0	2.0	1.0	0.0	1.0	0.0	0.0	1.0	2.0	0.0	0.0	1.0	1.0	0.0	1.0	0.0	0.0	0.0	0.0	0.0	0.0
yHMPu5000034604_sporopachydermia_lactativora_180604.final	0	2.0	4.0	1.0	1.0	0.0	4.0	2.0	4.0	0.0	4.0	3.0	1.0	1.0	1.0	2.0	2.0	1.0	3.0	0.0	1.0	1.0	0.0	0.0	1.0	2.0	2.0	2.0	2.0	1.0	0.0	2.0	1.0	0.0	1.0	0.0	0.0	1.0	2.0	0.0	0.0	1.0	1.0	0.0	1.0	0.0	0.0	0.0	0.0	0.0	0.0
yHMPu5000034606_priceomyces_medius_180604.final	0	5.0	6.0	9.0	2.0	5.0	6.0	2.0	4.0	3.0	1.0	3.0	3.0	2.0	6.0	2.0	4.0	1.0	4.0	1.0	3.0	1.0	2.0	5.0	2.0	2.0	2.0	2.0	2.0	2.0	2.0	2.0	2.0	1.0	1.0	2.0	1.0	1.0	1.0	1.0	1.0	1.0	1.0	1.0	1.0	0.0	0.0	1.0	0.0	0.0	0.0
yHMPu5000034615_saturnispora_zaruensis_160519.final	0	6.0	9.0	0.0	4.0	2.0	3.0	3.0	1.0	3.0	3.0	3.0	3.0	4.0	1.0	2.0	1.0	0.0	0.0	0.0	2.0	1.0	1.0	1.0	1.0	2.0	2.0	2.0	2.0	1.0	0.0	2.0	0.0	1.0	1.0	0.0	0.0	1.0	1.0	0.0	1.0	1.0	0.0	0.0	0.0	0.0	0.0	0.0	0.0	0.0	0.0
yHMPu5000034634_millerozyma_acaciae_160519.final	0	10.0	5.0	4.0	1.0	5.0	2.0	3.0	4.0	4.0	2.0	3.0	4.0	3.0	2.0	2.0	2.0	1.0	1.0	1.0	3.0	1.0	1.0	2.0	3.0	2.0	2.0	2.0	2.0	2.0	3.0	2.0	2.0	1.0	1.0	2.0	2.0	1.0	1.0	1.0	1.0	1.0	1.0	0.0	1.0	1.0	0.0	0.0	0.0	0.0	0.0
yHMPu5000034648_candida_restingae_160519.final	0	14.0	4.0	4.0	2.0	6.0	4.0	0.0	1.0	3.0	1.0	3.0	4.0	2.0	3.0	2.0	2.0	4.0	3.0	6.0	2.0	0.0	1.0	2.0	3.0	2.0	2.0	2.0	2.0	2.0	2.0	1.0	1.0	2.0	1.0	2.0	1.0	1.0	1.0	3.0	1.0	1.0	1.0	0.0	0.0	0.0	0.0	0.0	0.0	0.0	0.0
yHMPu5000034660_diddensiella_caesifluorescens_180604.final	0	11.0	5.0	3.0	6.0	0.0	5.0	7.0	9.0	0.0	3.0	3.0	0.0	2.0	2.0	5.0	1.0	2.0	3.0	0.0	2.0	2.0	1.0	0.0	1.0	1.0	1.0	2.0	1.0	1.0	0.0	1.0	1.0	1.0	1.0	1.0	0.0	1.0	1.0	1.0	1.0	1.0	1.0	1.0	1.0	0.0	0.0	0.0	0.0	0.0	0.0
yHMPu5000034661_dipodascus_albidus_180604.final	0	11.0	6.0	4.0	9.0	0.0	2.0	3.0	5.0	0.0	1.0	3.0	0.0	3.0	1.0	3.0	1.0	6.0	1.0	0.0	4.0	1.0	4.0	0.0	1.0	3.0	2.0	3.0	1.0	2.0	0.0	1.0	0.0	3.0	3.0	1.0	0.0	1.0	1.0	0.0	1.0	1.0	1.0	1.0	0.0	0.0	0.0	0.0	0.0	0.0	0.0
yHMPu5000034671_blastobotrys_peoriensis_160519.final	0	30.0	5.0	7.0	9.0	0.0	4.0	3.0	8.0	0.0	3.0	3.0	0.0	2.0	8.0	4.0	2.0	6.0	5.0	0.0	3.0	2.0	2.0	0.0	1.0	2.0	1.0	2.0	1.0	1.0	1.0	1.0	1.0	1.0	2.0	8.0	0.0	1.0	1.0	0.0	1.0	0.0	1.0	1.0	1.0	0.0	0.0	0.0	0.0	0.0	0.0
yHMPu5000034690_lachancea_nothofagi_180604.final	0	2.0	4.0	3.0	5.0	6.0	3.0	3.0	2.0	4.0	4.0	3.0	1.0	3.0	2.0	2.0	2.0	4.0	2.0	5.0	1.0	1.0	1.0	0.0	1.0	2.0	2.0	1.0	2.0	2.0	1.0	2.0	2.0	1.0	1.0	0.0	0.0	1.0	1.0	0.0	1.0	1.0	1.0	0.0	1.0	0.0	1.0	0.0	0.0	1.0	1.0
yHMPu5000034691_lachancea_mirantina_180604.final	0	2.0	4.0	4.0	4.0	4.0	3.0	2.0	4.0	3.0	3.0	3.0	1.0	5.0	4.0	2.0	5.0	2.0	5.0	3.0	1.0	2.0	2.0	0.0	1.0	2.0	2.0	1.0	2.0	2.0	1.0	2.0	2.0	1.0	1.0	0.0	0.0	1.0	1.0	0.0	1.0	1.0	0.0	0.0	1.0	0.0	1.0	0.0	1.0	1.0	1.0
yHMPu5000034692_lachancea_meyersii_180604.final	0	3.0	4.0	2.0	3.0	4.0	3.0	1.0	2.0	4.0	4.0	3.0	1.0	4.0	1.0	2.0	2.0	4.0	2.0	4.0	1.0	1.0	1.0	0.0	1.0	2.0	2.0	1.0	2.0	2.0	1.0	2.0	2.0	1.0	1.0	0.0	0.0	1.0	1.0	0.0	1.0	1.0	1.0	0.0	0.0	0.0	1.0	0.0	1.0	1.0	1.0
yHMPu5000034693_Lachancea_lanzarotensis_SPADES.final	0	2.0	4.0	4.0	3.0	5.0	3.0	2.0	5.0	6.0	4.0	3.0	1.0	3.0	4.0	2.0	4.0	3.0	4.0	4.0	1.0	1.0	1.0	0.0	1.0	2.0	2.0	1.0	2.0	2.0	1.0	2.0	2.0	1.0	1.0	0.0	0.0	1.0	1.0	1.0	1.0	1.0	1.0	0.0	1.0	0.0	1.0	0.0	2.0	1.0	1.0
yHMPu5000034694_lachancea_kluyveri_180604.final	0	5.0	6.0	5.0	6.0	2.0	3.0	3.0	2.0	2.0	4.0	3.0	1.0	4.0	3.0	3.0	2.0	2.0	1.0	3.0	2.0	2.0	3.0	3.0	1.0	2.0	2.0	1.0	2.0	2.0	1.0	2.0	2.0	1.0	1.0	0.0	0.0	1.0	1.0	0.0	1.0	1.0	1.0	0.0	0.0	0.0	1.0	0.0	1.0	1.0	1.0
yHMPu5000034695_lachancea_fermentati_201018.final	0	2.0	6.0	5.0	5.0	3.0	4.0	1.0	1.0	3.0	4.0	3.0	1.0	7.0	2.0	3.0	6.0	3.0	1.0	3.0	2.0	1.0	3.0	0.0	1.0	2.0	2.0	1.0	2.0	2.0	1.0	2.0	2.0	1.0	1.0	0.0	1.0	1.0	1.0	0.0	1.0	1.0	1.0	0.0	1.0	0.0	1.0	0.0	1.0	1.0	1.0
yHMPu5000034697_lachancea_dasiensis_190924.final	0	1.0	5.0	6.0	5.0	2.0	3.0	2.0	4.0	3.0	2.0	3.0	1.0	4.0	1.0	2.0	3.0	2.0	4.0	2.0	1.0	2.0	1.0	0.0	1.0	2.0	2.0	1.0	2.0	2.0	1.0	2.0	2.0	1.0	1.0	0.0	0.0	1.0	1.0	0.0	1.0	1.0	1.0	0.0	0.0	0.0	1.0	0.0	1.0	1.0	1.0
yHMPu5000034709_kluyveromyces_aestuarii_160519.final	0	2.0	5.0	1.0	3.0	2.0	4.0	1.0	1.0	4.0	4.0	3.0	1.0	5.0	1.0	2.0	2.0	2.0	0.0	1.0	1.0	1.0	2.0	0.0	1.0	2.0	2.0	1.0	2.0	2.0	0.0	2.0	2.0	1.0	1.0	0.0	0.0	1.0	1.0	0.0	1.0	1.0	0.0	0.0	2.0	0.0	1.0	0.0	1.0	1.0	1.0
yHMPu5000034710_kluyveromyces_dobzhanskii_160519.final	0	2.0	5.0	3.0	3.0	2.0	2.0	1.0	1.0	3.0	4.0	3.0	1.0	4.0	2.0	3.0	3.0	3.0	0.0	1.0	1.0	1.0	2.0	0.0	1.0	2.0	2.0	1.0	2.0	2.0	1.0	2.0	2.0	1.0	1.0	0.0	0.0	1.0	1.0	1.0	1.0	1.0	1.0	0.0	0.0	0.0	1.0	0.0	1.0	1.0	1.0
yHMPu5000034742_lipomyces_suomiensis_160519.final	0	5.0	5.0	5.0	17.0	0.0	9.0	7.0	5.0	0.0	3.0	3.0	0.0	0.0	2.0	1.0	1.0	2.0	1.0	0.0	3.0	1.0	2.0	0.0	1.0	1.0	1.0	1.0	1.0	1.0	1.0	1.0	1.0	1.0	1.0	1.0	1.0	1.0	1.0	1.0	0.0	1.0	0.0	1.0	0.0	0.0	0.0	0.0	0.0	0.0	0.0
yHMPu5000034758_lipomyces_japonicus_160519.final	0	4.0	6.0	2.0	7.0	0.0	3.0	3.0	4.0	0.0	2.0	3.0	0.0	0.0	2.0	1.0	1.0	2.0	3.0	0.0	3.0	2.0	1.0	0.0	1.0	1.0	1.0	1.0	1.0	1.0	0.0	1.0	1.0	1.0	1.0	0.0	1.0	1.0	1.0	0.0	0.0	1.0	0.0	1.0	0.0	0.0	0.0	0.0	0.0	0.0	0.0
yHMPu5000034866_zygosaccharomyces_bisporus_160519.final	0	5.0	6.0	7.0	3.0	2.0	1.0	6.0	5.0	2.0	2.0	3.0	3.0	3.0	4.0	2.0	6.0	2.0	6.0	1.0	1.0	2.0	0.0	1.0	2.0	2.0	2.0	1.0	2.0	1.0	1.0	2.0	2.0	1.0	1.0	0.0	0.0	1.0	1.0	0.0	1.0	0.0	1.0	0.0	1.0	0.0	1.0	0.0	1.0	0.0	0.0
yHMPu5000034881_Torulaspora_pretoriensis_SPADES.final	0	2.0	6.0	4.0	2.0	3.0	2.0	1.0	1.0	3.0	3.0	3.0	1.0	1.0	1.0	1.0	2.0	2.0	2.0	2.0	2.0	1.0	1.0	2.0	1.0	2.0	2.0	1.0	2.0	2.0	0.0	2.0	2.0	1.0	1.0	0.0	0.0	1.0	1.0	0.0	1.0	1.0	1.0	0.0	0.0	0.0	1.0	0.0	1.0	1.0	1.0
yHMPu5000034904_Ogataea_nonfermentans_SPADES.final	0	2.0	11.0	2.0	3.0	3.0	6.0	5.0	2.0	2.0	2.0	3.0	2.0	2.0	4.0	2.0	4.0	1.0	0.0	0.0	2.0	2.0	1.0	1.0	1.0	2.0	2.0	2.0	2.0	1.0	1.0	2.0	1.0	1.0	1.0	0.0	1.0	1.0	1.0	1.0	1.0	1.0	1.0	0.0	1.0	0.0	0.0	0.0	0.0	0.0	0.0
yHMPu5000034932_kuraishia_ogatae_160519.final	0	2.0	12.0	1.0	8.0	3.0	5.0	2.0	4.0	1.0	2.0	3.0	2.0	3.0	5.0	2.0	2.0	1.0	0.0	0.0	2.0	2.0	2.0	6.0	2.0	2.0	2.0	2.0	2.0	2.0	0.0	2.0	2.0	0.0	1.0	0.0	2.0	1.0	1.0	0.0	1.0	1.0	0.0	0.0	2.0	0.0	0.0	0.0	0.0	0.0	0.0
yHMPu5000034950_citeromyces_hawaiiensis_170307.haplomerger2.final	0	5.0	7.0	1.0	2.0	3.0	2.0	2.0	7.0	2.0	3.0	3.0	3.0	3.0	3.0	2.0	4.0	2.0	2.0	1.0	1.0	0.0	1.0	5.0	1.0	3.0	2.0	2.0	2.0	2.0	0.0	2.0	0.0	1.0	2.0	0.0	0.0	1.0	2.0	3.0	1.0	1.0	1.0	1.0	0.0	0.0	0.0	0.0	0.0	0.0	0.0
yHMPu5000034955_hanseniaspora_valbyensis_201018.haplomerger2.final	0	3.0	4.0	6.0	4.0	10.0	3.0	4.0	2.0	1.0	3.0	3.0	3.0	4.0	1.0	2.0	2.0	3.0	0.0	0.0	0.0	0.0	1.0	0.0	1.0	2.0	4.0	1.0	2.0	2.0	0.0	1.0	2.0	1.0	1.0	1.0	0.0	1.0	2.0	0.0	1.0	1.0	1.0	0.0	0.0	0.0	0.0	0.0	1.0	0.0	0.0
yHMPu5000035018_candida_canberraensis_160519.final	0	14.0	5.0	11.0	3.0	9.0	3.0	3.0	2.0	3.0	2.0	3.0	5.0	3.0	3.0	3.0	1.0	2.0	1.0	3.0	2.0	3.0	1.0	2.0	3.0	2.0	2.0	2.0	2.0	2.0	3.0	2.0	3.0	2.0	1.0	1.0	2.0	1.0	1.0	2.0	1.0	1.0	1.0	1.0	0.0	0.0	0.0	1.0	0.0	0.0	0.0
yHMPu5000035038_ambrosiozyma_kashinagacola_160519.final	0	6.0	11.0	1.0	12.0	2.0	7.0	7.0	1.0	2.0	3.0	3.0	6.0	2.0	1.0	2.0	3.0	1.0	0.0	0.0	2.0	3.0	1.0	3.0	1.0	2.0	2.0	2.0	2.0	2.0	0.0	2.0	0.0	1.0	1.0	0.0	1.0	1.0	1.0	2.0	1.0	1.0	1.0	1.0	1.0	0.0	0.0	0.0	0.0	0.0	0.0
yHMPu5000035041_ambrosiozyma_pseudovanderkliftii_160519.final	0	4.0	11.0	1.0	10.0	2.0	5.0	2.0	2.0	3.0	3.0	3.0	3.0	4.0	1.0	2.0	2.0	1.0	0.0	0.0	2.0	3.0	2.0	1.0	1.0	2.0	2.0	2.0	2.0	2.0	0.0	2.0	0.0	1.0	1.0	0.0	1.0	1.0	1.0	1.0	1.0	1.0	1.0	1.0	1.0	0.0	0.0	0.0	0.0	0.0	0.0
yHMPu5000035045_barnettozyma_hawaiiensis_160613.final	0	5.0	8.0	5.0	4.0	17.0	2.0	2.0	1.0	6.0	5.0	3.0	1.0	2.0	3.0	2.0	1.0	1.0	0.0	2.0	1.0	5.0	5.0	0.0	1.0	2.0	2.0	2.0	2.0	2.0	0.0	2.0	2.0	1.0	1.0	1.0	0.0	1.0	1.0	0.0	1.0	1.0	1.0	1.0	0.0	0.0	0.0	0.0	0.0	0.0	0.0
yHMPu5000035252_yamadazyma_nakazawae_170307.final	0	7.0	8.0	8.0	5.0	7.0	3.0	3.0	1.0	4.0	1.0	3.0	5.0	2.0	1.0	4.0	2.0	2.0	2.0	3.0	3.0	1.0	2.0	5.0	2.0	2.0	2.0	2.0	2.0	2.0	2.0	2.0	1.0	2.0	1.0	1.0	3.0	1.0	1.0	2.0	1.0	1.0	1.0	0.0	1.0	0.0	0.0	0.0	0.0	0.0	0.0
yHMPu5000035279_tortispora_starmeri_170307.final	0	0.0	5.0	1.0	2.0	0.0	2.0	1.0	4.0	0.0	5.0	2.0	0.0	2.0	2.0	1.0	0.0	1.0	1.0	0.0	1.0	0.0	1.0	0.0	1.0	1.0	1.0	1.0	1.0	1.0	3.0	1.0	0.0	0.0	1.0	0.0	0.0	1.0	1.0	0.0	0.0	1.0	1.0	0.0	0.0	0.0	0.0	0.0	0.0	0.0	0.0
yHMPu5000035282_trigonopsis_vinaria_170307.final	0	18.0	4.0	6.0	11.0	0.0	2.0	1.0	4.0	1.0	1.0	2.0	0.0	1.0	2.0	1.0	6.0	2.0	1.0	0.0	1.0	1.0	1.0	0.0	1.0	1.0	1.0	1.0	1.0	1.0	1.0	1.0	1.0	1.0	1.0	0.0	0.0	1.0	2.0	0.0	1.0	1.0	1.0	0.0	0.0	0.0	0.0	0.0	0.0	0.0	0.0
yHMPu5000035296_priceomyces_carsonii_160928.final	0	5.0	6.0	13.0	3.0	5.0	9.0	3.0	8.0	4.0	2.0	3.0	3.0	3.0	5.0	4.0	9.0	2.0	4.0	2.0	3.0	1.0	2.0	4.0	1.0	2.0	2.0	2.0	2.0	2.0	2.0	2.0	2.0	1.0	1.0	2.0	4.0	1.0	1.0	1.0	1.0	1.0	1.0	1.0	3.0	0.0	0.0	1.0	0.0	0.0	0.0
yHMPu5000035640_yamadazyma_philogaea_160519.final	0	5.0	8.0	5.0	4.0	8.0	3.0	1.0	1.0	3.0	1.0	3.0	6.0	2.0	1.0	3.0	1.0	3.0	2.0	1.0	3.0	1.0	2.0	4.0	2.0	2.0	2.0	2.0	2.0	2.0	1.0	2.0	1.0	2.0	1.0	1.0	1.0	1.0	1.0	2.0	1.0	1.0	1.0	0.0	1.0	0.0	0.0	0.0	0.0	0.0	0.0
yHMPu5000035650_trigonopsis_variabilis_160613.final	0	7.0	4.0	3.0	9.0	0.0	5.0	1.0	5.0	1.0	3.0	2.0	0.0	2.0	2.0	1.0	12.0	2.0	2.0	0.0	1.0	1.0	1.0	0.0	1.0	1.0	1.0	1.0	1.0	1.0	1.0	1.0	1.0	1.0	1.0	0.0	0.0	1.0	2.0	0.0	1.0	1.0	1.0	0.0	0.0	0.0	0.0	0.0	0.0	0.0	0.0
yHMPu5000035653_torulaspora_delbrueckii_160613.final	0	2.0	6.0	4.0	2.0	2.0	1.0	3.0	1.0	3.0	4.0	3.0	1.0	1.0	1.0	1.0	2.0	2.0	1.0	2.0	2.0	1.0	1.0	2.0	1.0	2.0	2.0	1.0	2.0	2.0	0.0	2.0	2.0	1.0	1.0	0.0	0.0	1.0	1.0	0.0	1.0	1.0	1.0	0.0	0.0	0.0	1.0	0.0	1.0	1.0	1.0
yHMPu5000035661_pichia_membranifaciens_160519.final	0	6.0	9.0	5.0	5.0	2.0	6.0	4.0	2.0	2.0	4.0	3.0	4.0	3.0	1.0	2.0	3.0	2.0	0.0	0.0	2.0	1.0	1.0	1.0	2.0	2.0	2.0	2.0	2.0	2.0	0.0	2.0	0.0	1.0	1.0	0.0	2.0	1.0	1.0	0.0	1.0	1.0	0.0	1.0	0.0	0.0	0.0	0.0	0.0	0.0	0.0
yHMPu5000035669_pachysolen_tannophilus_160613.final	0	6.0	7.0	3.0	1.0	6.0	5.0	5.0	3.0	5.0	3.0	3.0	2.0	4.0	2.0	3.0	7.0	2.0	0.0	0.0	1.0	3.0	4.0	4.0	2.0	2.0	2.0	2.0	2.0	2.0	0.0	2.0	1.0	2.0	1.0	1.0	2.0	1.0	1.0	0.0	1.0	1.0	1.0	0.0	0.0	0.0	0.0	0.0	0.0	0.0	0.0
yHMPu5000035672_phaffomyces_thermotolerans_160613.final	0	3.0	8.0	3.0	7.0	13.0	3.0	3.0	2.0	5.0	4.0	3.0	2.0	2.0	2.0	2.0	4.0	1.0	1.0	1.0	1.0	1.0	4.0	0.0	1.0	2.0	2.0	2.0	2.0	2.0	0.0	2.0	2.0	1.0	1.0	1.0	1.0	1.0	1.0	1.0	1.0	1.0	1.0	1.0	1.0	0.0	0.0	0.0	0.0	0.0	0.0
yHMPu5000035675_kregervanrija_fluxuum_160613.final	0	6.0	9.0	6.0	8.0	5.0	5.0	5.0	2.0	3.0	4.0	3.0	3.0	4.0	1.0	2.0	2.0	2.0	0.0	0.0	2.0	1.0	1.0	1.0	1.0	2.0	2.0	2.0	2.0	2.0	0.0	2.0	0.0	1.0	1.0	0.0	1.0	1.0	1.0	0.0	1.0	1.0	1.0	0.0	0.0	0.0	0.0	0.0	0.0	0.0	0.0
yHMPu5000040935_metschnikowia_shivogae_201018.final	0	1.0	4.0	2.0	0.0	3.0	4.0	0.0	1.0	3.0	2.0	3.0	4.0	3.0	1.0	1.0	2.0	1.0	0.0	0.0	1.0	3.0	1.0	1.0	2.0	2.0	2.0	2.0	2.0	2.0	2.0	2.0	1.0	1.0	1.0	1.0	1.0	1.0	1.0	1.0	1.0	1.0	1.0	1.0	0.0	0.0	0.0	0.0	0.0	0.0	0.0
yHMPu5000040937_metschnikowia_proteae_201018.final	0	1.0	4.0	3.0	0.0	3.0	5.0	0.0	1.0	3.0	2.0	3.0	4.0	4.0	1.0	2.0	2.0	1.0	0.0	0.0	1.0	3.0	1.0	1.0	2.0	2.0	2.0	2.0	2.0	2.0	2.0	2.0	1.0	1.0	1.0	1.0	1.0	1.0	1.0	1.0	1.0	1.0	1.0	1.0	0.0	0.0	0.0	0.0	0.0	0.0	0.0
yHMPu5000040959_metschnikowia_aberdeeniae_201018.final	0	1.0	4.0	2.0	0.0	3.0	4.0	0.0	1.0	3.0	2.0	3.0	4.0	3.0	1.0	1.0	2.0	1.0	0.0	0.0	1.0	3.0	1.0	1.0	2.0	2.0	2.0	2.0	2.0	2.0	2.0	2.0	1.0	1.0	1.0	1.0	1.0	1.0	1.0	1.0	1.0	1.0	1.0	1.0	0.0	0.0	0.0	0.0	0.0	0.0	0.0
yHMPu5000040963_lachancea_quebecuensis_200128.final	0	2.0	4.0	3.0	5.0	2.0	3.0	3.0	2.0	5.0	3.0	3.0	1.0	3.0	2.0	2.0	3.0	2.0	2.0	5.0	2.0	1.0	1.0	0.0	1.0	2.0	2.0	1.0	2.0	2.0	1.0	2.0	2.0	1.0	1.0	0.0	0.0	1.0	1.0	0.0	1.0	1.0	1.0	0.0	1.0	0.0	1.0	0.0	1.0	1.0	1.0
candida_albicans.final	1	11.0	5.0	9.0	4.0	10.0	5.0	7.0	3.0	6.0	2.0	3.0	5.0	2.0	6.0	3.0	5.0	3.0	1.0	8.0	3.0	4.0	2.0	9.0	4.0	2.0	2.0	2.0	2.0	2.0	7.0	2.0	2.0	1.0	1.0	1.0	2.0	1.0	1.0	1.0	1.0	1.0	1.0	1.0	0.0	2.0	0.0	1.0	0.0	0.0	0.0
candida_apicola.final	1	25.0	6.0	0.0	5.0	0.0	3.0	4.0	9.0	4.0	1.0	3.0	0.0	3.0	2.0	6.0	2.0	5.0	6.0	0.0	1.0	0.0	1.0	0.0	1.0	1.0	1.0	2.0	0.0	1.0	7.0	1.0	1.0	2.0	2.0	0.0	0.0	1.0	0.0	0.0	1.0	1.0	0.0	1.0	0.0	0.0	0.0	0.0	0.0	0.0	0.0
candida_dubliniensis.final	1	9.0	5.0	9.0	4.0	11.0	5.0	7.0	3.0	6.0	2.0	3.0	5.0	2.0	6.0	3.0	5.0	3.0	1.0	7.0	3.0	4.0	2.0	9.0	4.0	2.0	2.0	2.0	2.0	2.0	6.0	2.0	2.0	1.0	1.0	1.0	2.0	1.0	1.0	1.0	1.0	1.0	1.0	1.0	0.0	2.0	0.0	1.0	0.0	0.0	0.0
candida_parapsilosis.final	1	21.0	6.0	10.0	5.0	10.0	5.0	6.0	10.0	4.0	3.0	3.0	5.0	4.0	3.0	5.0	5.0	2.0	3.0	5.0	3.0	4.0	12.0	5.0	4.0	2.0	2.0	2.0	2.0	2.0	9.0	2.0	1.0	1.0	1.0	1.0	1.0	1.0	1.0	1.0	1.0	1.0	2.0	1.0	0.0	0.0	0.0	1.0	0.0	0.0	0.0
candida_sojae.final	1	10.0	6.0	9.0	5.0	17.0	4.0	4.0	1.0	7.0	5.0	2.0	3.0	2.0	3.0	4.0	6.0	4.0	4.0	6.0	3.0	3.0	2.0	9.0	5.0	1.0	2.0	2.0	2.0	2.0	4.0	0.0	2.0	0.0	1.0	1.0	2.0	1.0	2.0	1.0	1.0	1.0	1.0	0.0	0.0	2.0	0.0	1.0	0.0	0.0	0.0
candida_versatilis.final	1	20.0	4.0	1.0	8.0	0.0	6.0	7.0	17.0	0.0	4.0	3.0	0.0	4.0	2.0	4.0	4.0	7.0	5.0	0.0	8.0	1.0	0.0	0.0	3.0	1.0	3.0	2.0	1.0	1.0	14.0	1.0	1.0	2.0	2.0	5.0	0.0	1.0	0.0	0.0	1.0	1.0	0.0	1.0	0.0	0.0	0.0	0.0	0.0	0.0	0.0
geotrichum_candidum.final	1	1.0	6.0	19.0	8.0	0.0	2.0	10.0	7.0	0.0	5.0	3.0	0.0	2.0	1.0	3.0	1.0	5.0	3.0	0.0	2.0	1.0	3.0	0.0	2.0	3.0	2.0	3.0	1.0	2.0	0.0	1.0	1.0	1.0	6.0	0.0	0.0	2.0	1.0	0.0	2.0	1.0	1.0	1.0	0.0	0.0	0.0	0.0	0.0	0.0	0.0
kazachstania_naganishii.final	1	6.0	6.0	2.0	2.0	2.0	0.0	6.0	2.0	6.0	2.0	4.0	1.0	2.0	3.0	2.0	1.0	0.0	1.0	1.0	3.0	3.0	0.0	3.0	2.0	3.0	4.0	2.0	3.0	3.0	1.0	3.0	3.0	2.0	2.0	0.0	0.0	1.0	0.0	0.0	1.0	0.0	0.0	0.0	0.0	0.0	2.0	0.0	0.0	0.0	0.0
yHAB133_kazachstania_unispora_160519.final	1	5.0	7.0	7.0	3.0	2.0	0.0	17.0	2.0	6.0	2.0	4.0	4.0	1.0	8.0	1.0	1.0	0.0	5.0	1.0	3.0	5.0	0.0	7.0	2.0	3.0	3.0	2.0	4.0	3.0	1.0	3.0	4.0	2.0	2.0	0.0	0.0	1.0	0.0	0.0	1.0	0.0	0.0	0.0	0.0	0.0	3.0	0.0	0.0	0.0	0.0
yHAB148_kazachstania_intestinalis_160519.final	1	4.0	5.0	2.0	1.0	3.0	0.0	8.0	3.0	1.0	2.0	4.0	2.0	1.0	3.0	2.0	0.0	0.0	3.0	1.0	3.0	2.0	0.0	0.0	2.0	3.0	4.0	2.0	4.0	3.0	1.0	3.0	4.0	2.0	1.0	0.0	0.0	1.0	0.0	0.0	1.0	0.0	0.0	0.0	0.0	0.0	2.0	0.0	0.0	0.0	0.0
yHAB153_kazachstania_rosinii_160519.final	1	3.0	8.0	9.0	2.0	3.0	0.0	11.0	2.0	1.0	2.0	3.0	2.0	1.0	2.0	2.0	1.0	3.0	2.0	1.0	2.0	3.0	0.0	21.0	2.0	3.0	4.0	2.0	3.0	3.0	1.0	3.0	14.0	1.0	2.0	0.0	0.0	1.0	0.0	0.0	1.0	0.0	0.0	0.0	0.0	0.0	2.0	0.0	0.0	0.0	0.0
yHAB155_kazachstania_spencerorum_160519.final	1	11.0	9.0	9.0	2.0	2.0	0.0	7.0	4.0	1.0	2.0	4.0	2.0	1.0	4.0	2.0	0.0	6.0	3.0	2.0	3.0	3.0	0.0	3.0	2.0	3.0	4.0	2.0	4.0	2.0	1.0	3.0	3.0	2.0	2.0	0.0	0.0	1.0	0.0	0.0	1.0	0.0	0.0	0.0	0.0	0.0	2.0	0.0	0.0	0.0	0.0
yHAB160_kazachstania_kunashirensis_160519.final	1	4.0	9.0	11.0	3.0	3.0	0.0	8.0	3.0	2.0	2.0	4.0	2.0	1.0	6.0	2.0	1.0	0.0	3.0	1.0	2.0	5.0	0.0	0.0	2.0	3.0	4.0	2.0	3.0	3.0	1.0	3.0	4.0	2.0	2.0	0.0	0.0	1.0	0.0	0.0	1.0	0.0	0.0	0.0	0.0	0.0	2.0	0.0	0.0	0.0	0.0
yHAB164_kazachstania_aerobia_160519.final	1	4.0	9.0	8.0	1.0	2.0	0.0	16.0	2.0	1.0	2.0	4.0	4.0	1.0	7.0	1.0	0.0	0.0	6.0	1.0	2.0	4.0	0.0	5.0	2.0	3.0	4.0	2.0	5.0	3.0	1.0	3.0	4.0	2.0	2.0	0.0	0.0	2.0	0.0	0.0	1.0	0.0	0.0	0.0	0.0	0.0	2.0	0.0	0.0	0.0	0.0
yHMPu5000034580_tetrapisispora_phaffii_180604.final	1	2.0	11.0	8.0	1.0	3.0	0.0	3.0	3.0	4.0	2.0	4.0	1.0	2.0	2.0	1.0	1.0	0.0	4.0	1.0	3.0	1.0	0.0	0.0	2.0	3.0	3.0	1.0	3.0	3.0	1.0	3.0	4.0	2.0	2.0	0.0	0.0	2.0	0.0	0.0	2.0	0.0	0.0	0.0	0.0	0.0	2.0	0.0	0.0	0.0	0.0
yHMPu5000034613_saturnispora_serradocipensis_180604.final	1	7.0	9.0	0.0	7.0	1.0	3.0	6.0	1.0	3.0	3.0	3.0	6.0	4.0	2.0	2.0	1.0	0.0	0.0	0.0	2.0	1.0	2.0	1.0	1.0	2.0	2.0	2.0	2.0	2.0	0.0	2.0	0.0	1.0	1.0	0.0	0.0	1.0	1.0	0.0	1.0	1.0	0.0	1.0	0.0	0.0	0.0	0.0	0.0	0.0	0.0
yHMPu5000034614_saturnispora_silvae_180604.final	1	6.0	9.0	0.0	7.0	1.0	5.0	3.0	1.0	2.0	3.0	3.0	2.0	6.0	1.0	2.0	1.0	1.0	0.0	0.0	2.0	1.0	2.0	1.0	1.0	2.0	2.0	2.0	2.0	2.0	0.0	2.0	0.0	1.0	1.0	0.0	0.0	1.0	1.0	0.0	1.0	1.0	0.0	1.0	0.0	0.0	0.0	0.0	0.0	0.0	0.0
yHMPu5000034623_pichia_norvegensis_160519.haplomerger2.final	1	6.0	10.0	7.0	3.0	3.0	4.0	2.0	2.0	2.0	3.0	3.0	2.0	3.0	1.0	1.0	0.0	1.0	0.0	0.0	2.0	1.0	2.0	1.0	4.0	2.0	2.0	2.0	2.0	1.0	0.0	3.0	0.0	1.0	1.0	0.0	0.0	1.0	1.0	0.0	1.0	1.0	0.0	1.0	0.0	0.0	0.0	0.0	0.0	0.0	0.0
yHMPu5000034631_martiniozyma_abiesophila_170307.haplomerger2.final	1	8.0	9.0	0.0	7.0	5.0	7.0	6.0	1.0	6.0	4.0	4.0	7.0	4.0	1.0	4.0	2.0	1.0	0.0	0.0	4.0	2.0	1.0	1.0	3.0	2.0	3.0	2.0	3.0	2.0	0.0	4.0	0.0	1.0	2.0	0.0	0.0	1.0	1.0	0.0	1.0	1.0	0.0	1.0	0.0	0.0	0.0	0.0	0.0	0.0	0.0
yHMPu5000034659_debaryomyces_hansenii_180604.final	1	5.0	7.0	5.0	5.0	8.0	4.0	11.0	5.0	3.0	2.0	3.0	6.0	3.0	8.0	2.0	3.0	3.0	4.0	1.0	3.0	1.0	4.0	10.0	6.0	2.0	2.0	2.0	2.0	2.0	2.0	2.0	3.0	1.0	1.0	2.0	2.0	1.0	1.0	2.0	1.0	1.0	1.0	1.0	2.0	1.0	0.0	1.0	0.0	0.0	0.0
yHMPu5000034670_blastobotrys_proliferans_160519.final	1	19.0	12.0	3.0	12.0	0.0	8.0	7.0	13.0	0.0	7.0	3.0	0.0	4.0	5.0	6.0	1.0	6.0	8.0	0.0	2.0	3.0	1.0	0.0	2.0	2.0	1.0	2.0	1.0	1.0	0.0	1.0	2.0	1.0	1.0	6.0	0.0	1.0	1.0	2.0	1.0	0.0	1.0	1.0	0.0	0.0	0.0	0.0	0.0	0.0	0.0
yHMPu5000034723_candida_glabrata_180604.final	1	11.0	5.0	2.0	3.0	2.0	0.0	4.0	3.0	12.0	2.0	4.0	2.0	1.0	2.0	1.0	1.0	0.0	2.0	1.0	3.0	3.0	0.0	8.0	2.0	3.0	4.0	2.0	3.0	3.0	1.0	3.0	5.0	2.0	2.0	0.0	0.0	2.0	0.0	0.0	1.0	0.0	0.0	0.0	0.0	0.0	2.0	0.0	0.0	0.0	0.0
yHMPu5000034725_candida_bracarensis_160928.final	1	6.0	5.0	3.0	4.0	2.0	0.0	4.0	2.0	4.0	2.0	4.0	2.0	1.0	1.0	1.0	1.0	0.0	3.0	1.0	3.0	4.0	0.0	6.0	2.0	3.0	4.0	2.0	3.0	3.0	1.0	3.0	7.0	2.0	2.0	0.0	0.0	2.0	0.0	0.0	1.0	0.0	0.0	0.0	0.0	0.0	2.0	0.0	0.0	0.0	0.0
yHMPu5000034869_vanderwaltozyma_polyspora_180604.final	1	2.0	12.0	4.0	3.0	1.0	0.0	5.0	3.0	3.0	2.0	4.0	1.0	2.0	4.0	2.0	1.0	0.0	7.0	1.0	4.0	3.0	0.0	2.0	2.0	3.0	3.0	1.0	3.0	3.0	1.0	3.0	3.0	1.0	2.0	0.0	0.0	2.0	0.0	0.0	2.0	0.0	0.0	0.0	0.0	0.0	2.0	0.0	0.0	0.0	0.0
yHMPu5000034874_tetrapisispora_blattae_190924.final	1	5.0	9.0	7.0	4.0	2.0	0.0	21.0	7.0	6.0	3.0	4.0	2.0	1.0	4.0	1.0	0.0	0.0	4.0	2.0	3.0	4.0	0.0	20.0	2.0	3.0	4.0	2.0	3.0	3.0	0.0	3.0	3.0	2.0	1.0	0.0	0.0	1.0	0.0	0.0	2.0	0.0	0.0	0.0	0.0	0.0	2.0	0.0	0.0	0.0	0.0
yHMPu5000034875_tetrapisispora_fleetii_160519.final	1	2.0	11.0	4.0	1.0	3.0	0.0	2.0	3.0	4.0	2.0	4.0	1.0	3.0	2.0	1.0	0.0	0.0	3.0	1.0	3.0	1.0	0.0	0.0	2.0	3.0	3.0	1.0	3.0	3.0	1.0	3.0	3.0	2.0	2.0	0.0	0.0	2.0	0.0	0.0	2.0	0.0	0.0	0.0	0.0	0.0	2.0	0.0	0.0	0.0	0.0
yHMPu5000034876_Tetrapisispora_iriomotensis_SPADES.final	1	3.0	12.0	5.0	1.0	2.0	0.0	4.0	3.0	4.0	2.0	4.0	1.0	2.0	3.0	1.0	1.0	0.0	4.0	1.0	3.0	1.0	0.0	1.0	2.0	3.0	3.0	1.0	3.0	3.0	1.0	3.0	4.0	2.0	2.0	0.0	0.0	2.0	0.0	0.0	2.0	0.0	0.0	0.0	0.0	0.0	2.0	0.0	0.0	0.0	0.0
yHMPu5000034877_tetrapisispora_namnaonensis_160519.final	1	2.0	11.0	4.0	1.0	2.0	0.0	3.0	3.0	4.0	2.0	4.0	1.0	3.0	3.0	1.0	1.0	0.0	6.0	1.0	3.0	1.0	0.0	0.0	2.0	3.0	3.0	1.0	3.0	3.0	1.0	3.0	3.0	2.0	2.0	0.0	0.0	2.0	0.0	0.0	2.0	0.0	0.0	0.0	0.0	0.0	2.0	0.0	0.0	0.0	0.0
yHMPu5000034884_peterozyma_toletana_160519.final	1	4.0	7.0	12.0	8.0	6.0	4.0	9.0	3.0	9.0	5.0	3.0	4.0	8.0	7.0	3.0	2.0	4.0	0.0	0.0	2.0	4.0	5.0	4.0	3.0	2.0	2.0	2.0	2.0	2.0	3.0	2.0	1.0	2.0	1.0	3.0	3.0	1.0	1.0	2.0	1.0	1.0	1.0	1.0	1.0	0.0	0.0	0.0	0.0	0.0	0.0
yHMPu5000034906_candida_succiphila_160519.final	1	2.0	12.0	11.0	6.0	12.0	3.0	7.0	3.0	1.0	3.0	3.0	4.0	2.0	1.0	2.0	4.0	0.0	0.0	0.0	2.0	2.0	2.0	1.0	2.0	2.0	2.0	2.0	2.0	2.0	0.0	2.0	1.0	1.0	1.0	2.0	1.0	1.0	1.0	0.0	1.0	1.0	0.0	0.0	1.0	0.0	0.0	0.0	0.0	0.0	0.0
yHMPu5000034918_nakazawaea_holstii_160519.final	1	4.0	8.0	7.0	4.0	6.0	3.0	12.0	7.0	9.0	8.0	3.0	6.0	6.0	17.0	5.0	4.0	3.0	0.0	0.0	4.0	3.0	3.0	1.0	4.0	2.0	2.0	2.0	2.0	2.0	4.0	2.0	2.0	1.0	1.0	1.0	4.0	2.0	1.0	2.0	1.0	1.0	1.0	1.0	2.0	0.0	0.0	0.0	0.0	0.0	0.0
yHMPu5000034926_candida_boidinii_160519.final	1	7.0	10.0	10.0	10.0	1.0	6.0	11.0	4.0	1.0	4.0	3.0	3.0	1.0	2.0	2.0	3.0	1.0	0.0	0.0	2.0	1.0	2.0	2.0	1.0	2.0	2.0	2.0	2.0	2.0	0.0	2.0	1.0	2.0	1.0	0.0	1.0	1.0	1.0	0.0	1.0	1.0	0.0	2.0	2.0	0.0	0.0	0.0	0.0	0.0	0.0
yHMPu5000034933_kuraishia_molischiana_160519.final	1	4.0	10.0	9.0	2.0	13.0	9.0	5.0	2.0	1.0	3.0	3.0	4.0	5.0	3.0	2.0	4.0	1.0	0.0	0.0	2.0	2.0	1.0	5.0	1.0	2.0	2.0	2.0	2.0	2.0	0.0	2.0	2.0	1.0	1.0	5.0	1.0	1.0	1.0	0.0	1.0	1.0	0.0	1.0	2.0	0.0	0.0	0.0	0.0	0.0	0.0
yHMPu5000034967_candida_freyschussii_160519.final	1	2.0	9.0	3.0	6.0	4.0	3.0	1.0	3.0	7.0	8.0	3.0	1.0	2.0	2.0	2.0	5.0	1.0	0.0	2.0	2.0	3.0	3.0	0.0	2.0	2.0	2.0	2.0	2.0	3.0	1.0	2.0	2.0	1.0	1.0	2.0	2.0	1.0	1.0	1.0	1.0	1.0	1.0	1.0	2.0	0.0	0.0	0.0	0.0	0.0	0.0
yHMPu5000034973_danielozyma_ontarioensis_160519.final	1	17.0	7.0	8.0	3.0	7.0	4.0	5.0	3.0	6.0	4.0	3.0	6.0	3.0	2.0	2.0	3.0	3.0	1.0	1.0	2.0	2.0	2.0	3.0	3.0	2.0	2.0	2.0	2.0	2.0	3.0	2.0	2.0	2.0	1.0	1.0	1.0	1.0	1.0	2.0	1.0	1.0	1.0	1.0	2.0	1.0	0.0	1.0	0.0	0.0	0.0
yHMPu5000034990_Candida_corydali_SPADES.final	1	9.0	5.0	8.0	3.0	7.0	5.0	4.0	3.0	5.0	2.0	4.0	4.0	3.0	3.0	5.0	3.0	4.0	4.0	3.0	2.0	2.0	3.0	4.0	3.0	2.0	2.0	2.0	2.0	2.0	2.0	2.0	1.0	1.0	1.0	1.0	2.0	1.0	1.0	3.0	1.0	1.0	1.0	1.0	0.0	1.0	0.0	1.0	0.0	0.0	0.0
yHMPu5000034999_cephaloascus_fragrans_160519.final	1	9.0	7.0	4.0	3.0	10.0	3.0	4.0	3.0	5.0	4.0	3.0	4.0	4.0	2.0	4.0	4.0	1.0	0.0	0.0	2.0	4.0	1.0	3.0	3.0	2.0	2.0	2.0	2.0	2.0	0.0	2.0	1.0	3.0	1.0	1.0	1.0	1.0	1.0	2.0	1.0	1.0	1.0	1.0	2.0	0.0	0.0	0.0	0.0	0.0	0.0
yHMPu5000035011_candida_pyralidae_160519.final	1	38.0	5.0	12.0	1.0	9.0	3.0	4.0	2.0	3.0	3.0	3.0	5.0	2.0	2.0	6.0	1.0	2.0	3.0	2.0	2.0	3.0	1.0	1.0	3.0	2.0	2.0	2.0	2.0	2.0	3.0	2.0	1.0	2.0	1.0	0.0	2.0	1.0	1.0	2.0	1.0	1.0	1.0	1.0	0.0	1.0	0.0	2.0	0.0	0.0	0.0
yHMPu5000035022_candida_emberorum_160519.final	1	10.0	5.0	13.0	3.0	9.0	3.0	2.0	2.0	3.0	2.0	3.0	5.0	2.0	2.0	3.0	1.0	1.0	2.0	5.0	2.0	3.0	2.0	2.0	3.0	3.0	2.0	2.0	2.0	2.0	3.0	2.0	3.0	2.0	1.0	0.0	2.0	1.0	1.0	2.0	1.0	1.0	1.0	1.0	0.0	1.0	0.0	1.0	0.0	0.0	0.0
yHMPu5000035032_candida_gatunensis_160519.final	1	6.0	4.0	13.0	4.0	8.0	3.0	4.0	1.0	3.0	2.0	3.0	6.0	3.0	7.0	2.0	4.0	4.0	1.0	26.0	2.0	3.0	2.0	2.0	3.0	2.0	3.0	2.0	2.0	2.0	2.0	2.0	2.0	2.0	1.0	0.0	2.0	1.0	1.0	3.0	1.0	1.0	1.0	1.0	0.0	1.0	0.0	1.0	0.0	0.0	0.0
yHMPu5000035243_zygoascus_meyerae_170307.final	1	16.0	6.0	6.0	8.0	0.0	3.0	3.0	4.0	0.0	3.0	4.0	0.0	4.0	1.0	7.0	4.0	4.0	9.0	0.0	2.0	1.0	1.0	0.0	1.0	1.0	1.0	2.0	1.0	1.0	5.0	1.0	1.0	1.0	2.0	1.0	0.0	1.0	1.0	0.0	1.0	1.0	1.0	1.0	1.0	0.0	0.0	0.0	0.0	0.0	0.0
yHMPu5000035268_wickerhamomyces_hampshirensis_160928.final	1	3.0	9.0	4.0	11.0	7.0	4.0	3.0	4.0	7.0	7.0	3.0	1.0	7.0	4.0	2.0	6.0	2.0	0.0	1.0	2.0	4.0	4.0	0.0	2.0	2.0	2.0	2.0	2.0	2.0	1.0	2.0	2.0	1.0	1.0	2.0	4.0	1.0	1.0	1.0	1.0	1.0	1.0	0.0	1.0	0.0	0.0	0.0	0.0	0.0	0.0
yHMPu5000035269_wickerhamomyces_ciferrii_170307.final	1	18.0	21.0	27.0	32.0	21.0	8.0	19.0	12.0	15.0	12.0	5.0	10.0	7.0	8.0	4.0	11.0	10.0	16.0	9.0	3.0	6.0	14.0	0.0	6.0	4.0	4.0	5.0	5.0	5.0	4.0	6.0	6.0	2.0	3.0	8.0	7.0	2.0	2.0	4.0	2.0	2.0	1.0	1.0	2.0	0.0	0.0	0.0	0.0	0.0	0.0
yHMPu5000035273_wickerhamomyces_anomalus_180604.haplomerger2.final	1	10.0	9.0	11.0	14.0	7.0	5.0	5.0	6.0	8.0	9.0	3.0	3.0	6.0	4.0	2.0	6.0	3.0	1.0	5.0	2.0	3.0	3.0	0.0	2.0	2.0	2.0	3.0	2.0	3.0	5.0	2.0	2.0	1.0	1.0	4.0	4.0	1.0	1.0	2.0	1.0	1.0	1.0	1.0	3.0	0.0	0.0	0.0	0.0	0.0	0.0
yHMPu5000035629_yueomyces_sinensis_180604.final	1	6.0	10.0	7.0	0.0	2.0	0.0	14.0	2.0	7.0	2.0	4.0	2.0	1.0	3.0	1.0	0.0	0.0	9.0	2.0	3.0	2.0	0.0	10.0	2.0	3.0	4.0	2.0	3.0	3.0	0.0	3.0	3.0	2.0	1.0	0.0	0.0	1.0	0.0	0.0	2.0	0.0	0.0	0.0	0.0	0.0	2.0	0.0	0.0	0.0	0.0
yHMPu5000035641_yamadazyma_scolyti_160613.final	1	10.0	7.0	25.0	7.0	10.0	3.0	5.0	4.0	3.0	1.0	4.0	5.0	4.0	8.0	4.0	4.0	4.0	6.0	1.0	3.0	1.0	2.0	6.0	2.0	2.0	2.0	2.0	2.0	2.0	2.0	2.0	1.0	2.0	1.0	1.0	3.0	1.0	1.0	2.0	1.0	1.0	0.0	1.0	5.0	1.0	0.0	0.0	0.0	0.0	0.0
yHMPu5000035643_yarrowia_bubula_180604.final	1	33.0	4.0	9.0	8.0	0.0	17.0	8.0	6.0	0.0	6.0	3.0	0.0	3.0	4.0	9.0	4.0	1.0	3.0	0.0	1.0	2.0	6.0	0.0	2.0	2.0	1.0	2.0	1.0	1.0	0.0	1.0	0.0	1.0	3.0	6.0	1.0	2.0	1.0	3.0	2.0	1.0	2.0	1.0	2.0	0.0	0.0	0.0	0.0	0.0	0.0
yHMPu5000035646_yarrowia_keelungensis_170307.final	1	30.0	4.0	9.0	8.0	0.0	15.0	7.0	7.0	0.0	7.0	3.0	0.0	2.0	4.0	9.0	7.0	1.0	4.0	0.0	1.0	2.0	6.0	0.0	2.0	2.0	1.0	2.0	1.0	1.0	0.0	1.0	0.0	1.0	2.0	5.0	1.0	2.0	1.0	5.0	2.0	1.0	2.0	1.0	2.0	0.0	0.0	0.0	0.0	0.0	0.0
yHMPu5000035647_yarrowia_lipolytica_160519.haplomerger2.final	1	27.0	4.0	11.0	8.0	0.0	16.0	7.0	6.0	0.0	8.0	3.0	0.0	2.0	4.0	9.0	4.0	1.0	5.0	0.0	1.0	2.0	6.0	0.0	2.0	2.0	1.0	2.0	1.0	1.0	0.0	1.0	0.0	1.0	2.0	4.0	1.0	2.0	1.0	4.0	2.0	1.0	2.0	1.0	2.0	0.0	0.0	0.0	0.0	0.0	0.0
yHMPu5000035657_starmerella_bombicola_160613.final	1	37.0	6.0	0.0	4.0	0.0	3.0	3.0	8.0	1.0	1.0	3.0	0.0	3.0	1.0	5.0	2.0	4.0	2.0	0.0	1.0	0.0	0.0	0.0	1.0	1.0	1.0	2.0	1.0	1.0	4.0	1.0	1.0	2.0	2.0	0.0	0.0	1.0	0.0	0.0	1.0	1.0	0.0	1.0	0.0	0.0	0.0	0.0	0.0	0.0	0.0
yHMPu5000035662_meyerozyma_caribbica_160613.final	1	6.0	7.0	14.0	4.0	8.0	5.0	5.0	6.0	4.0	2.0	3.0	6.0	3.0	4.0	2.0	4.0	1.0	8.0	5.0	2.0	2.0	3.0	5.0	1.0	2.0	2.0	2.0	2.0	2.0	4.0	2.0	2.0	2.0	1.0	2.0	2.0	1.0	1.0	1.0	1.0	1.0	1.0	1.0	1.0	0.0	0.0	1.0	0.0	0.0	0.0
yHMPu5000035679_candida_rhagii_160613.final	1	12.0	5.0	12.0	4.0	6.0	5.0	2.0	1.0	6.0	2.0	3.0	5.0	3.0	4.0	3.0	4.0	4.0	1.0	5.0	2.0	3.0	2.0	3.0	5.0	2.0	2.0	2.0	2.0	2.0	2.0	2.0	3.0	2.0	1.0	1.0	2.0	1.0	1.0	0.0	1.0	1.0	1.0	1.0	0.0	1.0	0.0	1.0	0.0	0.0	0.0
yHMPu5000035681_candida_gotoi_160519.final	1	22.0	7.0	9.0	4.0	8.0	7.0	3.0	3.0	7.0	2.0	3.0	5.0	3.0	4.0	4.0	5.0	4.0	1.0	3.0	2.0	3.0	2.0	3.0	5.0	2.0	2.0	2.0	2.0	2.0	2.0	2.0	3.0	2.0	1.0	1.0	2.0	1.0	1.0	1.0	1.0	1.0	1.0	1.0	0.0	1.0	0.0	1.0	0.0	0.0	0.0
yHMPu5000035688_Cyberlindnera_xylosilytica_SPADES.final	1	10.0	9.0	5.0	15.0	21.0	6.0	3.0	4.0	6.0	8.0	3.0	3.0	5.0	4.0	2.0	3.0	2.0	2.0	3.0	2.0	4.0	7.0	0.0	2.0	2.0	2.0	2.0	2.0	3.0	7.0	2.0	2.0	1.0	1.0	9.0	3.0	1.0	1.0	2.0	1.0	1.0	1.0	1.0	1.0	0.0	0.0	0.0	0.0	0.0	0.0
yHMPu5000035701_cyberlindnera_fabianii_160519.final	1	6.0	9.0	2.0	9.0	12.0	5.0	3.0	3.0	6.0	7.0	3.0	2.0	3.0	3.0	2.0	6.0	2.0	1.0	2.0	2.0	4.0	5.0	0.0	2.0	2.0	2.0	2.0	2.0	3.0	8.0	2.0	2.0	1.0	1.0	4.0	1.0	1.0	1.0	2.0	1.0	1.0	1.0	1.0	1.0	0.0	0.0	0.0	0.0	0.0	0.0
yHMPu5000041693_debaryomyces_nepalensis_170307.final	1	7.0	7.0	5.0	5.0	10.0	5.0	5.0	4.0	3.0	2.0	3.0	7.0	4.0	8.0	2.0	3.0	2.0	2.0	1.0	4.0	1.0	3.0	6.0	5.0	2.0	2.0	2.0	2.0	2.0	2.0	2.0	3.0	1.0	1.0	1.0	2.0	1.0	1.0	2.0	1.0	1.0	1.0	1.0	1.0	1.0	0.0	1.0	0.0	0.0	0.0
yHMPu5000041862_candida_golubevii_170307.final	1	14.0	6.0	7.0	2.0	3.0	4.0	0.0	1.0	8.0	2.0	3.0	4.0	2.0	2.0	2.0	1.0	2.0	3.0	0.0	2.0	3.0	3.0	2.0	2.0	2.0	2.0	2.0	1.0	2.0	2.0	2.0	1.0	1.0	1.0	1.0	1.0	1.0	3.0	0.0	1.0	1.0	1.0	1.0	0.0	0.0	0.0	0.0	0.0	0.0	0.0
